id,first_name,email,dept,title
1,Teresita,tmatisse0@about.com,Training,Programmer Analyst III
2,Parry,pwitch1@java.com,Engineering,Junior Executive
3,Sadella,sconant2@state.tx.us,Accounting,Assistant Professor
4,Rudolfo,rbennison3@netvibes.com,Sales,Dental Hygienist
5,Shellysheldon,sbeatty4@dmoz.org,Accounting,Chemical Engineer
6,Ethel,edericot5@wsj.com,Legal,Executive Secretary
7,Sigismundo,sancell6@cpanel.net,Sales,GIS Technical Architect
8,Phil,painscough7@sciencedirect.com,Research and Development,Accountant IV
9,Guthry,gspens8@chron.com,Business Development,Senior Cost Accountant
10,Kellyann,kkirley9@posterous.com,Accounting,Assistant Media Planner
11,Cissy,cempsona@paypal.com,Marketing,Professor
12,Estrella,ecapineerb@delicious.com,Marketing,Financial Advisor
13,Gretta,gkernc@nps.gov,Marketing,Marketing Manager
14,Rosa,rodreaind@prweb.com,Engineering,Automation Specialist I
15,Fonsie,fgoncavese@trellian.com,Human Resources,Business Systems Development Analyst
16,Carolee,cbuckhurstf@princeton.edu,Research and Development,Sales Representative
17,Guy,gbambg@wordpress.org,Engineering,Statistician III
18,Marysa,mkirtleyh@ucoz.ru,Services,Accounting Assistant I
19,Paige,pmordyi@webnode.com,Accounting,Web Designer IV
20,Ginelle,gromeroj@microsoft.com,Services,Teacher
21,Gwenny,gmaudlink@cyberchimps.com,Human Resources,Geologist II
22,Ellen,ehansell@e-recht24.de,Engineering,Quality Engineer
23,Harriot,hospillanem@washingtonpost.com,Research and Development,Geologist II
24,Gunter,gickovitzn@google.ca,Services,Human Resources Manager
25,Alecia,aboldto@jigsy.com,Business Development,Civil Engineer
26,Leonerd,llushp@dyndns.org,Accounting,Food Chemist
27,Dodie,dcaddingq@lycos.com,Training,Editor
28,Denyse,dgrittonr@businessweek.com,Services,Research Assistant IV
29,Prudence,pvangiffens@arstechnica.com,Marketing,Senior Cost Accountant
30,Noellyn,ndarnodyt@paypal.com,Engineering,Office Assistant II
31,Ian,iwakeleyu@163.com,Marketing,Recruiter
32,Claudia,cfennelowv@naver.com,Business Development,Help Desk Technician
33,Consolata,chavisw@tripadvisor.com,Engineering,Data Coordiator
34,Hamlin,hgallegosx@amazon.de,Product Management,Data Coordiator
35,Agace,amealhamy@cbc.ca,Research and Development,Graphic Designer
36,Ambrosio,aangrovez@a8.net,Support,Project Manager
37,Abie,apennington10@alibaba.com,Human Resources,Design Engineer
38,Harriette,hjahns11@house.gov,Legal,Data Coordiator
39,Annnora,amarmyon12@wufoo.com,Marketing,Accountant III
40,Isahella,iorrow13@virginia.edu,Training,Computer Systems Analyst III
41,Garrot,gwellbeloved14@cloudflare.com,Human Resources,Business Systems Development Analyst
42,Reagan,rsweeny15@latimes.com,Product Management,Electrical Engineer
43,Hart,hbragg16@disqus.com,Human Resources,Human Resources Assistant IV
44,Tricia,tstokell17@blogspot.com,Sales,Nurse
45,Bili,bkennagh18@amazon.co.uk,Product Management,Occupational Therapist
46,Rutherford,rklimentyonok19@nytimes.com,Marketing,Sales Representative
47,Barry,bskilling1a@marketwatch.com,Research and Development,Recruiting Manager
48,Kara-lynn,kgledhall1b@photobucket.com,Services,Systems Administrator I
49,Bret,bmcmains1c@xrea.com,Legal,Safety Technician III
50,Jae,jscibsey1d@senate.gov,Human Resources,VP Quality Control
51,Madeleine,mearles1e@pen.io,Engineering,Account Coordinator
52,Konstantin,kweddell1f@twitpic.com,Business Development,Biostatistician IV
53,Omero,omabson1g@prweb.com,Training,Budget/Accounting Analyst I
54,Jeddy,jtubbles1h@xrea.com,Support,Biostatistician I
55,Eydie,evlahos1i@shop-pro.jp,Services,Senior Sales Associate
56,Felicdad,fmccullouch1j@mediafire.com,Legal,Paralegal
57,Molli,msamuels1k@ft.com,Research and Development,Accountant I
58,Karla,kroglieri1l@nature.com,Human Resources,Help Desk Technician
59,Lucian,lhaldon1m@nhs.uk,Product Management,GIS Technical Architect
60,Nathalie,nbeidebeke1n@pagesperso-orange.fr,Business Development,Marketing Assistant
61,Andromache,agluyas1o@businesswire.com,Product Management,Geological Engineer
62,Bertram,bfivey1p@mysql.com,Research and Development,Information Systems Manager
63,Swen,scolgrave1q@blogtalkradio.com,Services,Research Associate
64,Kellen,korwell1r@hhs.gov,Training,Nuclear Power Engineer
65,Aldrich,ahuygens1s@i2i.jp,Legal,Financial Analyst
66,Kalila,kevetts1t@discuz.net,Training,Senior Quality Engineer
67,Dunc,dmacnair1u@wikimedia.org,Support,Librarian
68,Renata,rrozier1v@bbc.co.uk,Engineering,Product Engineer
69,Sandy,sfawdrie1w@prlog.org,Human Resources,Health Coach II
70,Britt,bgoodliff1x@theatlantic.com,Services,Operator
71,Stavro,sbrigginshaw1y@netscape.com,Training,Marketing Assistant
72,Zarah,zasquith1z@csmonitor.com,Business Development,Senior Sales Associate
73,Dani,dmakiver20@prweb.com,Business Development,Research Assistant I
74,Salem,sfrankum21@foxnews.com,Product Management,Account Executive
75,Ali,amckerton22@boston.com,Research and Development,Executive Secretary
76,Karita,kdownse23@quantcast.com,Business Development,Automation Specialist III
77,Tomaso,tbromley24@blogger.com,Training,Director of Sales
78,Min,msandey25@hud.gov,Legal,Accountant III
79,Aldus,amauvin26@mapquest.com,Support,Web Developer III
80,Jenelle,jgoadby27@eepurl.com,Research and Development,Web Developer II
81,Donovan,dshuxsmith28@vistaprint.com,Training,Database Administrator II
82,Quinn,qbonnick29@seesaa.net,Research and Development,Professor
83,Valaria,vhartness2a@elpais.com,Engineering,Actuary
84,Beitris,bkellitt2b@naver.com,Sales,Speech Pathologist
85,Mallory,mkigelman2c@desdev.cn,Training,Assistant Professor
86,Clair,cfallowes2d@webs.com,Business Development,Teacher
87,Alphonso,areape2e@discovery.com,Sales,Social Worker
88,Donnajean,dblomefield2f@yahoo.com,Sales,Information Systems Manager
89,Gabbey,ggomez2g@pbs.org,Support,Associate Professor
90,Natassia,nmohun2h@techcrunch.com,Human Resources,Help Desk Technician
91,Portia,psinkins2i@nps.gov,Marketing,Structural Engineer
92,Lorine,lpehrsson2j@foxnews.com,Accounting,Nuclear Power Engineer
93,Rici,rlindenman2k@va.gov,Product Management,VP Sales
94,Antonin,aitzhak2l@bluehost.com,Accounting,Administrative Officer
95,Hanni,hbolte2m@cnn.com,Support,Actuary
96,Bridget,bkornyakov2n@netvibes.com,Accounting,Assistant Manager
97,Ingar,iantonnikov2o@oaic.gov.au,Sales,VP Quality Control
98,Bryan,bgyse2p@cmu.edu,Product Management,Assistant Manager
99,Hastings,hsantarelli2q@moonfruit.com,Support,Developer IV
100,Hercules,hjindrich2r@exblog.jp,Research and Development,Budget/Accounting Analyst IV
